ProductID,SupplierID
1,1
1,26
2,73
2,45
2,42
3,37
3,54
3,47
4,100
4,85
5,48
5,26
5,10
6,8
6,66
7,28
7,5
8,20
9,12
9,3
9,85
10,95
11,27
11,49
12,49
12,29
12,88
13,22
13,45
13,95
14,85
14,60
15,93
16,24
16,22
16,94
17,37
18,58
18,35
18,73
19,77
20,55
21,51
21,1
21,13
22,16
22,5
22,78
23,39
24,67
24,56
24,51
25,94
25,3
25,96
26,27
26,96
27,53
28,39
28,97
29,100
29,99
30,74
30,81
30,89
31,86
32,66
32,46
33,47
33,81
33,36
34,62
35,8
35,79
36,3
36,77
36,26
37,13
37,54
38,99
38,91
39,85
39,47
39,82
40,14
40,2
40,37
41,97
41,63
42,92
43,54
43,56
44,39
44,33
44,64
45,89
46,70
47,99
47,71
48,96
49,42
49,17
49,65
50,4
50,85
50,43
51,56
51,45
52,71
53,57
54,39
54,95
54,58
55,12
55,76
56,97
56,70
56,65
57,57
58,32
58,34
59,6
59,78
60,66
60,41
61,28
61,65
61,6
62,21
62,96
63,8
63,20
64,6
65,74
65,83
65,76
66,50
66,36
66,51
67,82
67,22
67,34
68,39
69,46
70,68
70,52
71,43
71,23
71,15
72,14
73,46
73,50
73,5
74,65
75,9
75,1
76,70
76,6
76,27
77,40
77,54
78,38
78,49
78,55
79,39
80,8
80,28
80,62
81,34
81,57
82,59
82,56
83,75
83,16
83,85
84,11
84,55
84,24
85,15
86,6
86,97
87,94
88,88
88,52
88,90
89,45
89,71
90,91
90,65
91,90
91,9
91,82
92,82
92,6
92,39
93,41
94,78
94,29
94,28
95,48
96,70
97,92
97,85
98,1
98,13
99,66
100,41
100,96
101,99
102,22
103,44
103,62
103,25
104,2
104,14
104,4
105,24
106,46
106,60
107,70
108,48
109,8
109,50
109,96
110,12
110,77
110,38
111,73
111,99
111,75
112,25
113,81
113,93
114,5
114,46
115,16
115,74
116,86
117,76
117,29
117,74
118,69
118,57
119,65
120,85
120,64
121,62
122,69
123,83
124,79
124,19
125,27
125,91
125,21
126,92
126,47
126,3
127,90
127,13
128,55
128,11
128,20
129,29
129,27
129,18
130,98
131,36
132,46
132,21
132,18
133,73
134,6
134,86
135,28
136,87
136,10
137,64
137,47
138,72
138,45
138,50
139,92
140,33
140,70
141,50
142,14
142,9
143,24
143,54
143,95
144,93
145,84
146,8
147,76
147,48
148,55
149,63
149,87
150,22
151,16
152,56
152,7
152,83
153,70
154,16
155,94
155,17
155,86
156,83
156,100
156,30
157,79
157,78
157,29
158,8
159,42
160,75
160,96
161,99
161,64
161,75
162,18
162,8
162,55
163,29
164,37
165,44
165,77
165,56
166,85
166,89
166,65
167,78
167,14
167,3
168,91
168,50
168,82
169,74
170,71
170,7
171,46
171,4
172,21
172,12
173,19
174,28
175,1
175,67
176,52
177,100
177,14
178,72
178,99
178,2
179,33
179,96
180,6
180,70
181,10
181,89
181,79
182,14
182,33
183,100
184,31
184,35
184,55
185,42
185,34
185,36
186,46
186,4
186,52
187,76
188,95
188,43
188,65
189,53
190,89
191,34
191,44
192,56
192,77
193,29
193,88
193,80
194,70
194,45
194,74
195,6
195,63
195,34
196,78
197,11
197,40
198,86
199,85
199,3
199,38
200,46
200,59
200,84
201,56
201,23
202,25
202,87
203,69
203,37
203,59
204,97
204,50
205,11
205,77
205,45
206,6
207,51
208,64
208,18
209,81
209,52
209,16
210,38
210,87
211,49
211,67
211,41
212,2
212,18
212,88
213,17
213,78
214,50
214,11
215,98
216,50
216,18
217,70
217,52
217,56
218,99
219,40
220,67
220,17
220,35
221,71
221,77
222,87
222,53
222,62
223,6
223,16
223,51
224,49
224,21
225,96
225,63
226,38
226,6
226,21
227,47
228,17
228,27
229,92
230,42
231,36
232,26
233,20
233,44
234,50
234,5
234,1
235,42
235,96
235,67
236,40
236,77
236,50
237,58
238,14
239,8
239,44
240,2
241,47
241,94
241,30
242,26
242,99
243,25
244,16
244,66
244,35
245,53
245,3
246,79
246,80
247,37
248,20
248,32
248,17
249,92
249,16
249,1
250,11
250,19
250,75
251,34
251,96
252,93
253,36
254,83
254,10
254,36
255,69
256,66
256,29
257,89
257,26
258,82
258,60
258,62
259,98
259,70
259,20
260,39
260,6
260,97
261,13
262,55
263,19
263,30
263,12
264,63
265,73
265,88
265,96
266,11
266,65
266,14
267,2
267,6
267,88
268,50
268,20
268,40
269,53
270,60
270,67
271,97
271,56
271,28
272,43
272,47
272,65
273,58
273,37
274,17
274,54
275,99
276,39
276,65
276,67
277,19
277,26
277,96
278,81
278,20
279,40
279,38
280,24
280,17
280,82
281,26
281,42
282,9
283,68
283,87
284,97
284,24
284,71
285,43
286,32
287,44
287,47
288,71
289,68
289,24
289,66
290,21
290,1
291,57
291,51
292,56
292,49
293,91
293,6
294,17
294,70
294,64
295,42
295,91
296,65
296,58
296,11
297,86
297,17
297,8
298,61
298,41
298,27
299,88
300,92
301,72
301,47
302,25
302,14
302,48
303,18
303,51
303,17
304,85
305,5
305,62
305,38
306,11
306,33
306,34
307,1
308,16
308,2
308,50
309,36
310,46
310,19
311,77
311,49
311,40
312,91
312,60
313,35
313,27
314,9
315,79
315,62
315,13
316,88
317,30
317,32
318,75
318,58
319,80
320,79
320,60
321,12
322,97
323,96
324,82
325,29
325,38
326,77
326,64
327,95
327,92
328,90
328,46
328,71
329,53
329,81
329,9
330,68
330,65
330,12
331,66
331,52
332,91
333,15
334,74
334,76
335,64
336,33
336,28
336,59
337,29
337,66
338,63
339,75
339,6
340,28
341,21
342,24
343,78
344,34
344,72
345,57
346,38
347,27
347,88
348,40
349,95
349,68
349,28
350,72
350,60
351,59
351,61
352,64
352,33
352,1
353,3
353,29
354,50
354,53
355,52
355,2
356,87
357,49
357,92
358,21
359,20
359,16
359,24
360,83
360,69
360,17
361,75
362,65
363,69
363,22
364,72
364,34
365,18
365,55
366,91
366,28
367,27
367,26
367,2
368,93
368,100
369,83
369,76
370,73
370,22
371,98
371,5
371,52
372,85
372,51
373,35
374,46
374,30
374,13
375,26
376,84
376,34
377,44
378,94
378,36
378,75
379,12
379,15
379,67
380,40
380,56
380,45
381,20
382,24
382,16
383,50
384,31
384,60
384,72
385,12
385,61
385,97
386,3
386,40
386,72
387,93
387,29
387,49
388,81
388,68
389,11
390,53
390,94
390,44
391,45
391,47
391,95
392,81
392,91
392,48
393,34
393,22
393,10
394,32
394,64
394,74
395,14
396,98
397,25
397,89
398,44
398,74
399,23
399,63
400,60
400,55
401,64
401,61
401,63
402,73
402,27
403,72
403,55
404,27
405,12
405,63
406,77
406,10
407,45
407,29
407,100
408,4
408,71
408,84
409,39
409,23
409,56
410,17
410,25
411,78
412,2
412,87
412,63
413,15
413,47
414,5
415,10
416,29
417,14
417,43
417,40
418,1
418,40
418,37
419,96
420,53
421,64
421,80
422,98
423,34
424,78
424,2
424,12
425,93
426,51
426,13
426,50
427,59
427,91
428,3
428,40
428,81
429,78
429,74
429,12
430,62
430,29
431,85
431,4
431,49
432,79
432,74
433,60
433,86
434,50
435,24
435,5
436,87
436,51
436,16
437,24
438,59
439,56
440,29
440,87
441,8
442,66
442,50
443,73
443,57
443,21
444,47
444,80
445,14
445,86
446,47
446,88
446,57
447,26
447,21
447,99
448,60
448,1
449,15
450,43
450,40
450,87
451,13
451,60
451,87
452,27
452,81
453,94
454,1
454,76
455,66
455,44
456,66
456,71
457,69
457,83
457,88
458,54
458,97
458,9
459,97
460,44
460,87
460,78
461,26
461,45
462,49
462,62
462,76
463,28
463,90
464,53
465,35
465,64
466,22
467,26
467,20
468,51
468,64
469,55
469,98
469,45
470,51
470,34
470,95
471,67
471,57
472,95
472,50
472,80
473,75
473,82
474,57
474,96
475,45
476,81
476,95
477,36
478,33
478,41
479,5
479,92
479,82
480,33
481,100
482,31
482,57
483,22
483,77
484,1
484,72
484,93
485,87
485,96
486,79
486,51
486,41
487,83
488,34
488,43
488,4
489,57
490,36
490,71
491,99
492,68
492,1
493,30
493,69
494,26
495,69
495,48
495,52
496,25
496,24
496,93
497,16
497,32
497,53
498,49
498,39
498,95
499,6
499,90
499,36
500,61
501,59
502,8
503,12
503,46
504,93
505,28
505,23
506,33
506,4
506,41
507,6
508,19
508,53
508,47
509,30
509,69
509,58
510,75
510,56
510,27
511,38
512,60
512,36
513,55
513,35
513,89
514,56
514,96
515,32
516,18
517,26
517,74
518,61
518,34
518,15
519,77
519,19
520,91
521,37
521,9
521,7
522,3
523,81
524,56
524,6
525,69
525,15
526,77
526,42
526,15
527,39
527,67
528,76
528,60
529,73
529,82
530,26
530,67
531,31
532,55
533,34
534,28
534,42
535,84
535,48
536,91
536,61
537,76
537,27
537,44
538,45
539,97
539,99
539,83
540,24
540,53
540,5
541,98
542,4
542,93
543,68
543,61
544,56
544,97
545,8
545,62
546,82
547,70
547,88
547,16
548,77
549,31
550,52
550,13
550,28
551,15
551,17
551,25
552,60
552,33
553,77
553,83
554,67
554,39
554,87
555,90
556,27
556,32
556,64
557,65
557,58
558,43
559,65
559,100
559,2
560,75
560,9
561,81
562,83
562,47
563,4
564,35
564,6
565,5
565,59
566,27
566,98
566,69
567,83
567,39
567,57
568,94
568,35
568,66
569,2
570,33
571,99
571,45
571,60
572,56
573,85
573,37
574,87
574,1
574,38
575,80
575,17
576,24
576,66
577,79
578,25
579,58
580,65
580,32
580,85
581,33
581,32
582,11
582,55
582,64
583,67
583,42
583,96
584,65
584,35
584,34
585,6
585,71
586,85
586,74
586,41
587,76
587,28
587,4
588,24
589,5
589,60
589,81
590,56
590,1
591,44
591,20
591,55
592,80
592,100
592,7
593,96
594,21
594,27
595,5
595,17
595,78
596,85
596,80
596,52
597,26
597,29
598,77
599,32
600,52
600,46
601,1
601,32
602,57
603,83
603,76
603,16
604,36
604,8
605,88
606,27
606,21
607,16
608,81
609,46
609,28
609,12
610,42
610,1
610,3
611,17
611,26
612,86
613,18
613,90
613,5
614,50
614,67
614,17
615,39
616,16
616,89
616,5
617,31
617,8
617,45
618,68
618,37
619,58
619,28
619,67
620,57
620,97
621,77
621,58
622,76
623,96
623,20
623,35
624,43
624,82
624,88
625,31
625,68
626,48
627,69
628,63
629,87
630,98
631,18
631,56
631,36
632,76
633,13
633,65
634,24
634,47
635,83
635,60
636,54
636,100
636,68
637,85
637,93
637,11
638,44
638,76
639,32
640,66
641,74
642,94
642,80
643,39
643,34
644,65
644,59
644,50
645,87
646,2
646,91
647,66
647,71
648,75
648,95
649,92
650,95
650,4
651,74
651,18
651,84
652,37
652,53
653,38
653,6
653,31
654,4
654,57
655,77
655,47
656,46
656,77
657,100
657,27
657,48
658,66
658,10
659,65
660,18
660,85
660,20
661,57
661,100
662,39
662,58
663,81
663,64
664,35
664,48
665,24
665,48
665,37
666,16
666,17
666,28
667,58
667,19
667,37
668,76
668,32
668,62
669,61
669,79
669,5
670,64
671,91
672,43
672,47
673,37
673,71
673,40
674,89
674,95
674,54
675,34
675,93
676,56
677,17
677,26
678,73
678,44
678,54
679,63
679,16
679,20
680,47
680,76
681,44
682,22
683,56
683,58
684,80
684,94
685,49
686,16
686,20
687,63
688,87
689,51
689,47
690,9
691,48
691,15
692,81
692,26
692,36
693,64
694,7
694,8
694,44
695,47
695,44
696,31
696,38
696,46
697,80
697,44
698,56
698,24
699,55
700,85
700,28
700,27
701,85
701,62
702,98
702,54
702,66
703,72
704,46
704,98
704,1
705,96
705,75
706,4
707,54
707,98
707,92
708,38
709,11
710,12
710,48
711,88
711,61
712,42
712,99
712,21
713,81
714,75
714,59
714,30
715,51
716,50
716,6
716,100
717,88
717,32
717,9
718,88
718,54
718,5
719,74
719,67
719,65
720,45
720,83
720,87
721,12
722,48
723,98
723,71
724,77
725,12
726,48
727,23
728,21
729,37
729,7
730,79
731,25
731,88
731,87
732,31
732,91
732,28
733,56
733,32
733,64
734,6
734,24
734,1
735,86
735,31
735,70
736,82
736,58
736,67
737,84
738,72
739,79
739,28
739,68
740,37
740,58
741,13
741,97
741,53
742,56
742,52
743,96
744,18
744,95
745,70
746,39
747,90
747,12
747,24
748,24
748,96
749,56
749,38
750,36
750,20
751,53
751,40
751,36
752,33
753,83
753,72
754,99
755,98
755,22
755,64
756,56
756,53
756,31
757,77
757,84
758,67
758,12
759,89
759,71
759,61
760,39
760,35
761,73
761,22
761,40
762,68
762,58
763,12
763,40
763,33
764,79
764,28
765,79
765,91
765,43
766,12
767,43
767,56
768,40
768,84
769,26
770,36
770,2
770,20
771,49
771,75
771,98
772,72
773,49
773,35
773,99
774,50
774,54
774,86
775,9
775,16
775,85
776,24
776,18
776,74
777,32
778,99
778,84
778,81
779,18
779,35
779,50
780,63
780,18
780,24
781,29
782,27
782,30
783,91
783,72
784,7
784,50
785,92
785,9
785,27
786,53
786,63
786,39
787,67
787,42
787,64
788,32
788,7
788,34
789,42
789,75
790,88
790,42
791,100
791,58
791,85
792,84
792,86
793,59
793,65
794,72
794,87
795,7
796,44
796,9
797,17
797,51
797,82
798,62
798,84
798,55
799,82
799,33
800,34
800,28
800,54
801,22
802,5
802,48
803,14
803,33
804,46
804,25
805,33
805,23
806,8
807,20
807,12
808,66
808,56
808,57
809,59
809,92
810,48
811,7
812,42
813,81
814,12
814,74
814,68
815,86
815,85
816,44
817,48
817,81
818,31
819,41
820,41
820,7
820,70
821,81
822,25
822,24
823,91
824,65
824,61
824,55
825,91
825,27
826,63
827,76
827,89
827,92
828,100
829,17
829,27
830,71
831,1
832,6
832,96
833,79
833,10
833,95
834,6
834,5
835,20
835,17
836,11
836,68
836,35
837,59
837,84
838,75
838,99
839,47
839,80
840,3
840,43
840,17
841,3
841,91
842,45
843,80
843,55
843,13
844,38
845,41
846,25
846,6
846,40
847,81
848,62
848,94
849,93
849,47
849,16
850,6
851,10
851,2
852,97
852,20
852,18
853,52
854,76
854,59
854,37
855,26
855,59
856,37
857,31
857,20
858,37
859,11
860,17
860,57
860,37
861,12
862,53
863,53
863,45
864,6
864,23
865,26
866,12
866,53
867,44
867,66
868,54
869,33
870,42
870,43
871,20
871,54
872,18
872,7
873,31
873,52
873,81
874,96
874,8
875,59
876,41
876,15
876,1
877,46
878,88
878,56
878,71
879,6
879,55
880,1
880,41
880,60
881,99
882,23
883,90
884,12
884,50
884,59
885,77
885,26
885,24
886,47
887,74
888,98
889,30
889,3
889,81
890,35
890,68
891,94
891,75
892,41
892,11
892,54
893,61
893,8
894,75
894,38
895,19
896,91
897,30
897,5
897,19
898,23
898,51
899,34
899,53
899,96
900,43
900,81
900,88
901,95
901,15
902,4
902,19
902,93
903,39
904,100
905,9
905,42
905,91
906,70
906,65
907,100
908,13
908,7
909,29
909,25
909,37
910,100
910,47
911,32
911,29
911,54
912,98
913,1
914,62
914,91
915,90
915,39
916,60
917,7
917,1
917,74
918,37
918,16
918,52
919,30
919,58
920,5
920,82
921,19
921,13
921,60
922,96
923,57
923,8
924,24
925,91
925,90
926,22
926,71
926,88
927,28
928,73
928,96
928,61
929,58
930,70
930,48
930,49
931,14
931,59
931,49
932,57
932,48
932,5
933,78
933,13
934,95
934,31
935,100
935,73
935,31
936,98
937,9
937,8
937,88
938,93
938,47
939,11
939,100
939,49
940,99
940,71
940,25
941,92
942,10
942,63
942,76
943,49
944,83
944,64
945,67
946,92
946,33
946,93
947,6
947,50
948,91
948,92
949,38
949,46
949,20
950,43
950,74
950,26
951,60
951,3
952,64
952,49
952,48
953,74
954,51
954,24
955,61
956,83
956,42
956,55
957,84
958,24
958,58
958,15
959,85
959,21
959,53
960,98
961,81
962,50
962,95
962,9
963,72
964,66
964,3
965,16
965,4
965,78
966,56
967,76
968,9
968,76
968,36
969,1
969,72
969,9
970,60
970,7
970,26
971,64
972,52
972,86
972,22
973,4
973,45
973,86
974,89
974,68
974,60
975,63
975,64
976,11
977,86
977,76
978,18
978,90
979,65
979,17
980,14
981,43
981,55
981,83
982,99
982,95
982,77
983,40
983,56
984,63
985,26
985,82
986,77
986,47
987,90
987,73
988,15
988,76
988,22
989,5
990,16
990,27
991,52
991,31
992,73
992,95
992,85
993,37
993,94
994,86
994,79
994,23
995,6
995,7
996,46
996,14
997,60
997,96
998,93
998,68
999,82
999,61
1000,47
